{
  "users": [
    {
      "id": "1",
      "name": "Vadivel",
      "email": "vadivel@gmail.com",
      "phone": "9500552281",
      "course": "Reactjs",
      "selectCity": "Bangalore",
      "dateTime": "2025-03-06T11:38",
      "payment": "Online Transfer",
      "address": "Electronic city"
    },
    {
      "id": "2",
      "name": "Rajkumar",
      "email": "raju@gmail.com",
      "phone": "9489893341",
      "course": "Python",
      "selectCity": "Dharmapuri",
      "dateTime": "2025-03-06T11:38",
      "payment": "PayPal",
      "address": "Papparapatti"
    },
    {
      "id": "5dcb",
      "name": "Bhuvaneshwaran",
      "email": "bhuvanesh@gmail.com",
      "phone": "9952569760",
      "course": "Django",
      "selectCity": "Chennai",
      "dateTime": "2025-03-13T10:50",
      "payment": "Credit Card",
      "address": "Dharmapuri"
    }
  ]
}