{
  "users": [
    {
      "id": "1",
      "name": "John",
      "email": "bhuvanesh@gmail.com",
      "contact": "9952569760",
      "subject": [
        "HTML",
        "Bootstrap",
        "Selenium"
      ],
      "address": "Dharmapuri"
    },
    {
      "id": "2",
      "name": "Bob",
      "email": "vadivel@gmail.com",
      "contact": "9500552281",
      "subject": [
        "HTML",
        "CSS",
        "Digital Marketing"
      ],
      "address": "Electronic city"
    },
    {
      "id": "3",
      "name": "Charlie",
      "email": "raju@gmail.com",
      "contact": "9489893341",
      "subject": [
        "HTML",
        "CSS",
        "Java Script",
        "React Js"
      ],
      "address": "Dharmapuri"
    }
  ]
}