{
  "view": [
    {
      "id": "2",
      "trainerName": "Bob",
      "subject": [
        "HTML",
        "CSS",
        "Digital Marketing"
      ],
      "assignedStudents": [
        "Vadivel",
        "Bhuvaneshwaran"
      ],
      "batchTime": "10:30 AM"
    },
    {
      "id": "3",
      "trainerName": "Charlie",
      "subject": [
        "HTML",
        "CSS",
        "JavaScript",
        "React JS"
      ],
      "assignedStudents": [
        "Rajkumar",
        "Bhuvaneshwaran",
        "Vadivel"
      ],
      "batchTime": "11:00 AM"
    },
    {
      "id": "6978",
      "trainerId": "1",
      "trainerName": "John",
      "subject": [
        "HTML",
        "Bootstrap",
        "Selenium"
      ],
      "assignedStudents": [
        "Bhuvaneshwaran"
      ],
      "batchTime": "11:54"
    }
  ]
}